MongoDB=https://inside.emc.com/docs/DOC-140097,MongoDB~MongoDB=
3VR=,3VR~Customer Insights=
3VR=,3VR~Video Analytics=
3VR=,3VR~VisionPoint=
5th Kind=,5th Kind~Core=
Accellion=,Accellion~Kiteworks=
Acronis=,"Acronis~Backup, BAAS="
Actian (ParAccel)=,Actian (ParAccel)~Analytics=
Actifio=,Actifio~Synergy=
Actuate=,Actuate~Analytics=
ADAM=,ADAM~DAM=
Adobe=,Adobe~Adobe Media Server=
Adobe=,Adobe~After Effects=
Adobe=http://www.adobe.com/content/dam/Adobe/en/products/anywhere/pdfs/anywhere-emc-isilon-nas-whitepaper.pdf,Adobe~Anywhere for Video=
Adobe=,Adobe~InDesgin=
Adobe=,Adobe~Prelude=
Adobe=https://www.emc.com/collateral/hardware/technical-documentation/h10797-ra-oneFS-and-adobe-premiere-pro.pdf,Adobe~Premiere Pro=
Adobe=,Adobe~SpeedGrade=
AGFA=https://inside.emc.com/docs/DOC-156158,AGFA~IDC=
AGFA=https://inside.emc.com/docs/DOC-156158,AGFA~IMPAX (Cardiology)=
AGFA=https://inside.emc.com/docs/DOC-156158,AGFA~IMPAX (Radiology)=
AGFA DACH=,AGFA DACH~Hydmedia=
AGFA DACH=,AGFA DACH~IMPAX-EE=
Aimetis=,Aimetis~Symphony=
Alfresco=,Alfresco~Alfresco=
Allscripts=,Allscripts~SCM/Enterprise/Mysis=
Alpine Data Labs=,Alpine Data Labs~Chorus=
Amazon=,Amazon~AWS=
Anchor=,Anchor~Cloud Sync=
Anevia=https://inside.emc.com/docs/DOC-164691,Anevia~ViaMotion+=
Apace Systems=,Apace Systems~postMAM=
Apache=,Apache~Ambari=
Apache=,Apache~Ambari=
=,~=
Apache=,Apache~Ambari=
=,~=
Apache=,Apache~Ambari=
Apache=,Apache~Cassandra=
Apache=,Apache~Hadoop (MR)=
Apache=,Apache~Hadoop(MR)=
Apache=,Apache~Hadoop(MR)=
Apache=,"Apache~Hadoop(MR, YARN, Hive, Pig, HBase)="
Apache=,"Apache~Hadoop(MR, YARN, Hive, Pig, HBase)="
Apache=,"Apache~Hadoop(MR, YARN, Hive, Pig, HBase, Spark)="
Apache=,"Apache~Hadoop(MR, YARN, Hive, Pig, HBase, Spark)="
=,~=
Apple=https://support.emc.com/docu45324_Best-Practices-for-Configuring-Isilon-IQ-for-Final-Cut-Pro.pdf,Apple~Final Cut Pro=
Apple=http://www.emc.com/collateral/white-papers/h13204-wp-emcisilon-and-finalcutprox-workflows.pdf,Apple~Final Cut Pro X=
ARCserve=,ARCserve~ARCserve Backup=
Arteco=,Arteco~Active=
Arteco=,Arteco~eMotion=
Arteco=,Arteco~Extreme=
Arteco=,Arteco~LPR=
Arteco=,Arteco~Pure=
Arvato=,Arvato~S4M=
ASG=,ASG~Atempo Digital Archive=
ASG=,ASG~Digital Archive (atmos)=
ASG=https://inside.emc.com/docs/DOC-151942,ASG~ViewDirect=
Asigra=,Asigra~Cloud Backup=
Aspera(IBM)=http://asperasoft.com/fileadmin/media/Datasheets/Isilon_Performance_Brief_AsperaDS.pdf,Aspera(IBM)~FaSP=
ASSIMILATE=http://www.emc.com/collateral/technical-documentation/h13348-tg-emc-isilon-assimilate-scratch.pdf,ASSIMILATE~Scratch=
Ateme=http://www.emc.com/collateral/solution-overview/isd374-ateme-scalable-solution-so.pdf,Ateme~TITAN=
Atempo=,"Atempo~Live Backup, Digital Archive="
Attivio=,Attivio~Active Intelligence Engine=
ATTOTechnology=https://www.attotech.com/solutions/EMC/pdfs/ATTO-Isilon-Solution.pdf,ATTOTechnology~ThunderLink2=https://youtu.be/NcPOnPmlqn0
ATTO Technology=http://www.emc.com/collateral/hardware/technical-documentation/h10643-cfg-isilon-atto.pdf,ATTO Technology~FastFrame 10GbE=
Autodesk=,Autodesk~--=
Autodesk=,Autodesk~3ds Max=
Autodesk=,Autodesk~Alias=
Autodesk=,Autodesk~Flame=
Autodesk=,Autodesk~Maya=
Autodesk=,Autodesk~mental ray=
Autodesk=,Autodesk~Smoke=
Aveco=,Aveco~Astra=
AvePoint=,AvePoint~DocAVE=
Avere=,Avere~Filer=
Avid=,Avid~Interplay MAM=
Avid=,Avid~Interplay Production=
Avid=,Avid~Media Composer=
Avid=,Avid~MediaCentral=
Avigilon=,Avigilon~Control Center=
Axle=http://www.emc.com/collateral/hardware/solution-overview/h11587-so-EMC-Isilon-axle-media-management.pdf,Axle~Axle MAM=
Bioconductor=,Bioconductor~bioconductor=
Birst=,Birst~Birst=
Bit Central=,Bit Central~Oasis=
Bitcentral=,Bitcentral~Core=
Blackmagic=,Blackmagic~Davinci Resolve=
BlackMagic Design=,BlackMagic Design~Fusion=
Bloombase=,Bloombase~StorSafe=
Bluedata=,Bluedata~Epic=
bowtie=,bowtie~bowtie=
Broad Institute=,Broad Institute~GATK=
Broad Institute=,Broad Institute~Picard=
bwa=,bwa~bwa=
Canto=,Canto~Cumulus=
Carestream=https://inside.emc.com/docs/DOC-156468,Carestream~VUE PACS=
Cassandra=,Cassandra~Cassandra=
Cerner=https://inside.emc.com/docs/DOC-171952,Cerner~CareAware MultiMedia (CAMM)=
Cerner=https://inside.emc.com/docs/DOC-171952,Cerner~Millenium=
Chaos Group=,Chaos Group~V-Ray=
Cinegy=,Cinegy~Cinegy Archive=
Cinegy=,Cinegy~Cinegy Convert=
Cinegy=,Cinegy~Workflow=
Cingey=,Cingey~Cinegy Ingest=
Cingey=,Cingey~Cinegy Player=
Cisco=http://www.cisco.com/c/dam/en/us/solutions/collateral/service-provider/videoscape/white_paper_c11-726366.pdf,Cisco~Videoscape=
Cisco=,Cisco~VSM=
Citrix=,Citrix~ShareFile=
Citrix=,Citrix~ShareFile=
Cloudera=https://inside.emc.com/docs/DOC-155375,"Cloudera~CDH (MR, Hive, Pig)="
Cloudera=https://inside.emc.com/docs/DOC-155375,"Cloudera~CDH(MR, Hive, Pig)="
Cloudera=https://inside.emc.com/docs/DOC-155375,"Cloudera~CDH(MR, Hive, Pig)="
Cloudera=https://inside.emc.com/docs/DOC-155375,"Cloudera~CDH(MR, YARN, Hive, Pig)="
Cloudera=https://inside.emc.com/docs/DOC-155375,"Cloudera~CDH(MR, YARN, Hive, Pig)="
Cloudera=https://inside.emc.com/docs/DOC-155375,"Cloudera~CDH(MR, YARN, Hive, Pig, HBase)="
=,~=
Cloudera=https://inside.emc.com/docs/DOC-155375,"Cloudera~CDH(MR, YARN, Hive, Pig, HBase, Spark)="
=,~=
Cloudera=https://inside.emc.com/docs/DOC-155375,Cloudera~Cloudera Manager=
Cloudera=https://inside.emc.com/docs/DOC-155375,Cloudera~Cloudera Manager=
Cloudera=https://inside.emc.com/docs/DOC-155375,Cloudera~Cloudera Manager=
=,~=
Cloudera=https://inside.emc.com/docs/DOC-155375,Cloudera~Impala=
Cloudera=https://inside.emc.com/docs/DOC-155375,Cloudera~Impala=
=,~=
Cloudera=https://inside.emc.com/docs/DOC-155375,Cloudera~Impala=
=,~=
Cloudera=https://inside.emc.com/docs/DOC-155375,Cloudera~Navigator=
Cofio=,Cofio~Aimstor=
CommVault=,CommVault~Simpana=
CommVault=https://inside.emc.com/docs/DOC-155774,CommVault~Simpana=
CommVault=https://inside.emc.com/docs/DOC-155774,CommVault~Simpana=
CommVault=https://inside.emc.com/docs/DOC-155774,CommVault~Simpana=
CommVault=https://inside.emc.com/docs/DOC-155774,CommVault~Simpana=
CommVault=https://inside.emc.com/docs/DOC-155774,CommVault~Simpana=
CommVault=https://inside.emc.com/docs/DOC-151571,CommVault~Simpana=
Concurrent=,Concurrent~Cascading=
Couchbase=,Couchbase~Server=
CTERA=https://inside.emc.com/docs/DOC-184156,CTERA~CSSP=
Dalet=,Dalet~AmberFin ICr=
Dalet=,Dalet~Galaxy=
Dalet=,Dalet~Brio=
Datadobi=https://inside.emc.com/docs/DOC-151359,Datadobi~DobiMiner=
Datameer=,Datameer~Datameer=
DataStax=,DataStax~Enterprise DB=
DataTrust=,DataTrust~ControlPoint=
DatDyn=,DatDyn~StorageX=
Dayang=,Dayang~eVIAS=
Dayang=,Dayang~iChannel2=
Dayang=,Dayang~Post Pack=
Dayang=,Dayang~VIPS=
Dell=,Dell~Boomi AtomSphere=
Dell=,Dell~Change Auditor for EMC=
Dell=,Dell~Foglight=
Dell=,Dell~Kitenga=
Dell=,Dell~NetVault=
Dell=,Dell~NetVault=
Dell=,Dell~NetVault=
Dell=,Dell~NetVault=
Dell=,Dell~NetVault=
Dell=,Dell~SharePlex=
Dell=,Dell~Statistica=
Digifort=,Digifort~Enterprise=
Digifort=,Digifort~Explorer=
Digifort=,Digifort~Professional=
Digifort=,Digifort~Standard=
Digital Rapids=,Digital Rapids~Kayak=
Digital Reasoning=,Digital Reasoning~Synthesys=
Dolby=,Dolby~DP6000=
DR Systems=https://inside.emc.com/docs/DOC-171968,DR Systems~Unity=
DVTel=,DVTel~Latitude=
Edgeware=,Edgeware~D-VDN=
Effective Knowledge S.R.L.=,Effective Knowledge S.R.L.~AxMediaTech AXMEDIS=
Egnyte=,Egnyte~Egnyte=
Elemental=,Elemental~Live=
Elemental=http://www.emc.com/collateral/hardware/technical-documentation/h11206-cg-isilon-elemental-server.pdf,Elemental~Server=
Elemental=https://youtu.be/QcnYgGpCy38,Elemental~Delta=
EMC=,EMC~Avamar=
EMC=,EMC~Avamar=
EMC=https://inside.emc.com/docs/DOC-172679,EMC~CloudArray=https://inside.emc.com/docs/DOC-172679
EMC=,EMC~CTA=
EMC=,EMC~CTA (atmos)=
EMC=,EMC~Dcoumentum=
EMC=,EMC~DLm=
EMC=,EMC~Documentum=
EMC=,EMC~Documentum=
EMC=,EMC~Documentum=
EMC=https://inside.emc.com/docs/DOC-171936,EMC~Documentum=
EMC=https://inside.emc.com/docs/DOC-171936,EMC~Documentum=
EMC=,EMC~DXW=
EMC=,EMC~eDA=
EMC=https://inside.emc.com/docs/DOC-172086,EMC~InfoArchive=
EMC=,EMC~Kazeon=
EMC=,EMC~Networker=
EMC=,EMC~NetWorker=
EMC=,EMC~NetWorker=
EMC=,EMC~NetWorker=
EMC=,EMC~NetWorker=
EMC=,EMC~NetWorker=
EMC=,EMC~RSA=
EMC=,EMC~SourceOne=
EMC=,EMC~SourceOne=
EMC=,EMC~SourceOne=
EMC=,EMC~SourceOne=
EMC=https://inside.emc.com/docs/DOC-168065,EMC~SourceOne=
=,~=
EMC=,EMC~Syncplicity=
EMC=,EMC~Syncplicity=
EMC=,EMC~Syncplicity=
EMC=,"EMC~Syncplicity (Atmos,S3)="
EMC=,EMC~VCE=
EMC=,EMC~ViPR=
EMC=,EMC~VSPEX=
Empress=,Empress~eMAM=
Ensembl=,Ensembl~Ensembl=
EnterpriseDB=,EnterpriseDB~Postgres=
Envivio=,Envivio~Muse=
EPIC=https://inside.emc.com/docs/DOC-171953,EPIC~EMR=
EPIC=https://inside.emc.com/docs/DOC-171953,EPIC~Web BLOB=
Equilibrium=,Equilibrium~MediaRich=
eRAD=https://inside.emc.com/docs/DOC-171955,eRAD~eRAD PACS=
Ericsson=,Ericsson~MDN=
Ericsson=,Ericsson~Mediaroom=
Ericsson=,Ericsson~VOD=
Eset=,Eset~Gateway Security=
Etere=,Etere~MERP=
EverSync=,"EverSync~Backup, DR="
Evertz=,Evertz~Mediator=
Evolphin=https://www.youtube.com/watch?v=6UAeXaMTe9Y,Evolphin~Zoom=
EVS=,EVS~IP Director=
EVS=,EVS~XT/XS=
Exacq=,Exacq~Edge=
Exacq=,Exacq~Enterprise=
Exacq=,Exacq~Pro=
Exacq=,Exacq~Start=
ExLibris=,ExLibris~DigiTool=
Extensis=,Extensis~Portfolio=
Falconstor=,Falconstor~Optimized Backup=
File Catalyst=https://youtu.be/7vWbY2xNzW4,File Catalyst~Direct=
Filetek=,Filetek~StorHouse=
FilmPartners=http://www.emc.com/collateral/technical-documentation/h11439-isilon-onefs-mxfserver-ra.pdf,FilmPartners~MXFserver=
Fission=,Fission~Ingest=
FlavourSYS=,FlavourSYS~Mint=
FlavourSys=http://www.emc.com/collateral/technical-documentation/h11450-isilon-onefs-strawberry-ra.pdf,FlavourSys~Strawberry=
Front Porch Digital=,Front Porch Digital~DIVArchive=
FUJI=https://inside.emc.com/docs/DOC-171957,FUJI~Synapse (Cardiology)=
FUJI=https://inside.emc.com/docs/DOC-171957,FUJI~Synapse (Radiology)=
Galaxy=,Galaxy~Galaxy=
Gallery SW=https://youtu.be/klwp8kBjGTg,Gallery SW~Sienna=http://www.emc.com/collateral/solution-overview-partner/h11662-sienna-emc-isilon-broadcast-solutions.pdf
GE=https://inside.emc.com/docs/DOC-171958,GE~Centricity Enterprise Clinicals=
GE=https://inside.emc.com/docs/DOC-171958,GE~Centricity PACS (Cardiology)=
GE=https://inside.emc.com/docs/DOC-171958,GE~Centricity PACS (Radiology)=
GE=https://inside.emc.com/docs/DOC-171958,GE~EA/CCA=
GE=https://inside.emc.com/docs/DOC-171958,GE~Enterprise Archive=
GE=https://inside.emc.com/docs/DOC-171958,GE~Omnyx=
GE=https://inside.emc.com/docs/DOC-171958,GE~PACS-IW=
Genetec=,Genetec~AutoVue=
Genetec=,Genetec~Omnicast=
Genetec=,Genetec~Security Center=
Genetec=,Genetec~Stratocast=
Genetec=,Genetec~Synergis=
Gladinet=,Gladinet~Gladinet=
 Globus=, Globus~ Globus Genomics=
Gorilla=http://www.emc.com/collateral/solution-overview/h11673-gorilla-emc-isilon-workflow-broadcast-media-enter-so.pdf,Gorilla~Gorilla MAM=
Grass Valley=,Grass Valley~Edius=
Grass Valley=http://www.emc.com/collateral/hardware/solution-overview/h10543-so-isilon-and-miranda-itx.pdf,Grass Valley~iTX=
Grass Valley=,Grass Valley~K2 Dyno=
Grass Valley=,Grass Valley~K2 Summit=
Grass Valley=,Grass Valley~Stratus=
GroupLogic=,GroupLogic~ExtremeZ-IP=
Harmonic=,Harmonic~MAS=
Harmonic=,Harmonic~Media Spectrum=
Harmonic=,Harmonic~ProMedia Carbon MP=
Harmonic=,Harmonic~Rhozet=
Hexis=,Hexis~Hexis=
Hightail=,Hightail~Hightail=
Hortonworks=https://inside.emc.com/docs/DOC-155374,"Hortonworks~HDP (MR, Hive, Pig)="
Hortonworks=https://inside.emc.com/docs/DOC-155374,"Hortonworks~HDP(MR, YARN, Hive, Pig, HBase)="
Hortonworks=https://inside.emc.com/docs/DOC-155374,"Hortonworks~HDP(MR, YARN, Hive, Pig, HBase, Falcon, Sqoop, Storm, Zookeeper, Oozie, Tez)="
Hortonworks=https://inside.emc.com/docs/DOC-155374,"Hortonworks~HDP(MR, YARN, Hive, Pig, HBase, Spark)="
Hortonworks=https://inside.emc.com/docs/DOC-155374,"Hortonworks~HDP(MR, YARN, Hive, Hive+Tez, Pig, HBase, Spark)="
HP=,HP~ArcSight=
HP=,HP~Autonomy=
HP=,HP~Data Protector=
HP=,HP~MediaBin=
Hyland=,Hyland~OnBase=
Hyland=https://inside.emc.com/docs/DOC-151923,Hyland~OnBase=
Hyland=https://inside.emc.com/docs/DOC-151923,Hyland~OnBase=
Hyland=https://inside.emc.com/docs/DOC-171959,Hyland~OnBase=
IBIS=,IBIS~iFind=
IBM=,IBM~Archive and Essence Manager=
IBM=,IBM~BigInsights=
IBM=,IBM~BigInsights=
IBM=,IBM~BigInsights=
IBM=,IBM~ClearCase=
IBM=,IBM~ClearCase=
IBM=,IBM~Connections=
IBM=https://inside.emc.com/docs/DOC-155777,IBM~Filenet=
IBM=,IBM~Filenet=
IBM=,IBM~Netezza=
IBM=,IBM~NICA=
IBM=,IBM~Optim=
IBM=https://inside.emc.com/docs/DOC-155775,IBM~TSM=
IBM=https://inside.emc.com/docs/DOC-155775,IBM~TSM=
IBM=https://inside.emc.com/docs/DOC-155775,IBM~TSM=
IBM=https://inside.emc.com/docs/DOC-155775,IBM~TSM=
IBM=https://inside.emc.com/docs/DOC-155775,IBM~TSM (AIX)=
IBM=https://inside.emc.com/docs/DOC-155775,IBM~TSM (Linux)=
IBM=https://inside.emc.com/docs/DOC-155775,IBM~TSM (Windows)=
IBM=https://inside.emc.com/docs/DOC-155775,IBM~TSM (AIX)=
IBM=https://inside.emc.com/docs/DOC-155775,IBM~TSM (Linux)=
IBM=https://inside.emc.com/docs/DOC-155775,IBM~TSM (Windows)=
IBM=https://inside.emc.com/docs/DOC-183652,"IBM~TSM (AIX, Linux, Windows)="
IBM Optim=https://inside.emc.com/docs/DOC-147294,IBM Optim~Optim (CAS)=
Illumina=,Illumina~Casava=
Illumina=,Illumina~Issac=
Imagine Communications=,Imagine Communications~Digital Rapids Selenio Flex=
Imagine Communications=,Imagine Communications~Digital Rapids StreamZ/StreamZ HD=
Imagine Communications=,Imagine Communications~Landmark=
Imagine Communications=,Imagine Communications~Nexio Motion=
Imagine Communications=http://www.emc.com/collateral/white-papers/h13269-so-emc-isilon-storage-and-imagine-comms.pdf,Imagine Communications~Nexio=http://www.imaginecommunications.com/products/playout/video-servers/nexio-nxiq-series
Imagine Communications=,Imagine Communications~Nexio Insight=
Imagine Communications=,Imagine Communications~Versio=
Industrial Color=http://www.emc.com/about/news/press/2011/20110614-01.htm,Industrial Color~GlobalEdit=
Informatica=,"Informatica~Data Vault (CAS, S3)="
Informatica=,Informatica~Enterprise Edition=
Ingenuity(Qiagen)=,Ingenuity(Qiagen)~IPA=
Intelerad=https://inside.emc.com/docs/DOC-171960,Intelerad~IntelliPACS=
Interlock=https://inside.emc.com/docs/DOC-149507,Interlock~Xspedient=
Iomniscient=http://iomniscient.com/,Iomniscient~--=
IPV=,IPV~Archive Manger=
IPV=,IPV~Curator=
IPV=,IPV~Xcode2=
IPV=,IPV~SpectreView=
iRODS=,iRODS~iRODS=
ISS=,ISS~SecurOS=
ISS=,ISS~SecurOS Enterprise=
ISS=,ISS~SecurOS Lite=
ISS=,ISS~SecurOS MCC=
ISS=,ISS~SecurOS Premium=
ISS=,ISS~SecurOS Professional=
ISS=,ISS~SecurOS Xpress=
Kaltura=http://www.emc.com/collateral/customer-profiles/h12424-cp-kaltura.pdf,Kaltura~Kaltura Video Platform=https://www.youtube.com/watch?v=IwJ7cVmR6Sg
Karmasphere=,Karmasphere~FICO Analyzer=
Kaspersky=,Kaspersky~Anti-Virus for Storage=
Kencast=,Kencast~CinemaPro=
Kognitio=,Kognitio~Kognitio=
LBL=,LBL~Vista=
Lensec=,Lensec~Command view=
Lensec=,Lensec~Fleet Manager=
Lensec=,Lensec~Perspective=
Levels Beyond=,Levels Beyond~Reach Engine=
LeverageIS=,LeverageIS~Leverage VMS=
loggly=,loggly~loggly=
LONI=,LONI~DPS=
LucidWorks=,LucidWorks~BigData=
Lumedx=https://inside.emc.com/docs/DOC-171964,Lumedx~CardioPACS=
Lumedx=https://inside.emc.com/docs/DOC-171964,Lumedx~HealthView=
Mach7=https://inside.emc.com/docs/DOC-171965,Mach7~Enterprise Imaging Platform=
EMC=,EMC~CloudBoost=https://inside.emc.com/docs/DOC-167322
EMC=,EMC~CloudBoost=https://inside.emc.com/docs/DOC-167322
MapR=,MapR~--=
MAQ=,MAQ~MAQ=
March=,March~Command=
March networks=,March networks~Command Lite=
March networks=,March networks~Command Professional=
March networks=,March networks~Video Analytics=
Marquis Broadcast=,Marquis Broadcast~Medway=
Marquis Broadcast=,Marquis Broadcast~Project Parking=
Masstech=,Masstech~Masstech for Enterprise=
Mathworks=,Mathworks~Matlab=
McAfee=,McAfee~VirusScan Enterprise for Storage=
McKesson=https://inside.emc.com/docs/DOC-171966,McKesson~Cardiology=
McKesson=https://inside.emc.com/docs/DOC-171966,McKesson~Enterprise Image Repository (EIR)=
McKesson=,McKesson~Horizon Clinicals=
McKesson=,McKesson~Paragon=
McKesson=https://inside.emc.com/docs/DOC-171966,McKesson~Patient Folder (HPF or PF)=
McKesson=https://inside.emc.com/docs/DOC-171966,McKesson~Radiology=
MediaBeacon=,MediaBeacon~MediaBeacon R3volution=
MediaSilo=,MediaSilo~MediaSilo=
Meditech=,Meditech~Magic/CS 6.0=
Meditech=https://inside.emc.com/docs/DOC-171967,Meditech~Scanning and Archive (SCA)=
Merge=https://inside.emc.com/docs/DOC-171968,Merge~iConnect=
Metalogix=,Metalogix~Storage Point=
Metalogix=,Metalogix~StoragePoint=
Metalogix=,"Metalogix~StoragePoint, ControlPoint="
Metamarkets=,Metamarkets~Druid=
Metamarkets=,Metamarkets~Metamarkets=
MetaScale=,MetaScale~BDaaS=
Metus=,Metus~MetusMAM=
Microsoft=,Microsoft~Azure=
Microsoft=,Microsoft~Exchange=
Microsoft=,Microsoft~Hyper-V=
Microsoft=,Microsoft~SQL=
MicroStrategy=,MicroStrategy~Analytics=
Milestone=,Milestone~XProtect Access Control=
Milestone=,Milestone~Xprotect Corporate=
Milestone=,Milestone~XProtect Enterprise=
Milestone=,Milestone~XProtect Essential=
Milestone=,Milestone~XProtect Expert=
Milestone=,Milestone~XProtect Express=
Milestone=,Milestone~XProtect Go=
Milestone=,Milestone~Xprotect LPR=
Milestone=,Milestone~XProtect Professional=
Milestone=,Milestone~XProtect Retail=
Milestone=,Milestone~XProtect SmartWall=
Milestone=,Milestone~XProtect Transact=
Mirasys=,Mirasys~VMS=
Mirays=,Mirays~Carbon VMS=
Mirays=,Mirays~NVR Enterprise=
Mirays=,Mirays~NVR Pro=
MongoDB=,MongoDB~MongoDB=
Moonwalk=,Moonwalk~Moonwalk=
Moonwalk=,Moonwalk~Moonwalk=
NASI=,NASI~Ancept Media Server=
Nasuni=,Nasuni~Nasuni Gateway=
NCBI=,NCBI~Blast=
Netavis=,Netavis~Observer=
NetX=,NetX~NetX DAM=
Nice=,Nice~Call Recording=
NICE=,NICE~INFORM=
Nice=https://inside.emc.com/docs/DOC-152152,Nice~Nice Interaction Manager (CAS)=
NICE=,NICE~NTR=
NICE=,NICE~Situator=
NIH=,NIH~GEWorkbench=
NLTechnology=,NLTechnology~Nearchive=
Northplains=,Northplains~Telescope=
Northplains=,Northplains~XINET=
Novocraft=,Novocraft~Novalign=
NTP Software=,NTP Software~Precision Tiering (Atmos API)=
Nuxeo=,Nuxeo~Nuxeo DAM=
OASYS=,OASYS~OASYS Media Manager=
ONSSI=,ONSSI~Milestone Backend=
ONSSI=,ONSSI~Ocularis CS=
ONSSI=,ONSSI~Ocularis ES=
ONSSI=,ONSSI~Ocularis IS=
ONSSI=,ONSSI~Ocularis LS=
ONSSI=,ONSSI~Ocularis PS=
OpenText=,OpenText~Archive Server=
OpenText=,OpenText~Archive Server=
OpenText=,OpenText~Archive Server=
OpenText=https://inside.emc.com/docs/DOC-151323,OpenText~Archive Server (CAS)=
OpenText=,OpenText~Execute360=
OpenText=,OpenText~Execute360=
OpenText=,OpenText~OpenText Media Mangement=
OpenText=,OpenText~Tempo=
Oracle=,Oracle~Big Data Appliance=
Oracle=,Oracle~Documents=
Oracle=,Oracle~Exadata=
Oracle=,Oracle~Front Porch Digital DIVArchive=
Oracle=,Oracle~Hyperion/12c=
ORAD=,ORAD~iFind=
Orange Logic=,Orange Logic~Cortex=
Palantir=,Palantir~Gotham=
Palantir=,Palantir~Metropolis=
Panzura=,Panzura~QuickSilver=
PAS Media=,PAS Media~Artwork Management System=
PBS Software=,PBS Software~ContentLink (CAS)=
Pebble Beach=,Pebble Beach~Dolphin=
Pelco=,Pelco~Digital Sentry=
Pelco=,Pelco~DX DVR's=
Pelco=,Pelco~Endura=
Pentaho=,Pentaho~Big Data Analytics=
Lexmark (Acuo)=https://inside.emc.com/docs/DOC-171962,Lexmark (Acuo)~Universal Clinical Platform=
Pervasive=,Pervasive~Analytics=
Philips=https://inside.emc.com/docs/DOC-171969,Philips~Xcelera=
Phrap=,Phrap~Phred=
Piksel=,Piksel~Piksel Managed Services=
Piksel=,Piksel~Piksel Video Platform=
Pivotal=https://inside.emc.com/docs/DOC-155376,"Pivotal~PHD (MR, Hive, Pig)="
Pivotal=https://inside.emc.com/docs/DOC-155376,"Pivotal~PHD (MR, YARN, Hive, Pig)="
Pivotal=https://inside.emc.com/docs/DOC-155376,"Pivotal~PHD (MR, YARN, Hive, Pig)="
Pivotal=https://inside.emc.com/docs/DOC-155376,"Pivotal~PHD (MR, YARN, Hive, Pig)="
=,~=
Pivotal=https://inside.emc.com/docs/DOC-155376,Pivotal~Gemfire=
Pivotal=https://inside.emc.com/docs/DOC-155376,Pivotal~Greenplum HD=
Pivotal=https://inside.emc.com/docs/DOC-155376,Pivotal~HAWQ=
Pivotal=https://inside.emc.com/docs/DOC-155376,Pivotal~HAWQ=
=,~=
Pivotal=https://inside.emc.com/docs/DOC-155376,Pivotal~HAWQ=
=,~=
Pixar=,Pixar~RenderMan=
Platfora=,Platfora~--=
Playbox=,Playbox~Playbox MAM=
Playbox=,Playbox~ProductionAirBox=
Point Software=,Point Software~Point=
PredPol=,PredPol~PredPol=
PrimeFocus=,PrimeFocus~Clear=
Primestream=,Primestream~Building4Media FORK=
Prism Skylabs=,Prism Skylabs~Prism 2=
Protegrity=,Protegrity~Big Data Protector=
Qlik=,Qlik~QlikView=
Qlik=,Qlik~Sense=
Qstar=,Qstar~ASM=
R=,R~R=
Razuna=,Razuna~Razuna DAM=
Red5=,Red5~Red5 Media Server=
RedBox=,RedBox~RedBox=
Revolution Analytics=,Revolution Analytics~Revolution R=
RGB Networks=,RGB Networks~CloudXStream=
RGB Networks=,RGB Networks~RipCode=
Rhode & Schwarz DVS=,Rhode & Schwarz DVS~Clipster=
Rhode & Schwarz DVS=,Rhode & Schwarz DVS~Fuze=
Rhode & Schwarz DVS=,Rhode & Schwarz DVS~Pronto=
Rhode & Schwarz DVS=,Rhode & Schwarz DVS~Spycer=
Rhode & Schwarz DVS=,Rhode & Schwarz DVS~Venice=
Riverbed=,Riverbed~SteelHead=
Riverbed=,Riverbed~Steelhead=
RSD=https://inside.emc.com/docs/DOC-152162,RSD~RSD=
RSD=https://inside.emc.com/docs/DOC-152162,RSD~RSD=
Salient=,Salient~Cloud Hosted Video=
Salient=,Salient~Complete View=
Salient=,Salient~Point of Sale Transaction Tracker=
Salient=,Salient~PowerProtect=
samtools=,samtools~samtools=
SAP=,SAP~Docs=
SAP=,SAP~Hana=
SAS=,SAS~--=
SAS=,SAS~Hadoop=
SAS=,SAS~High Perf Analytics=
SAS=,SAS~Visual Analytics=
SAS=,SAS~Visual Statistics=
SeaChange=,SeaChange~IPTV=
Seachange=,Seachange~Spot=
Seagate=,Seagate~Evault=
Sectra=https://inside.emc.com/docs/DOC-171970,Sectra~Sectra PACS=
SER=,SER~ItaServer=
Seven10=,Seven10~Backup=
Seven10=https://inside.emc.com/docs/DOC-165454,Seven10~Storfirst=
Seven10=,Seven10~Gateway/Migration=
Seven10=,Seven10~StorSimple=
SGL Broadcast=,SGL Broadcast~FlashNet=
Shotgun Software=,Shotgun Software~Shotgun=
Siemens=https://inside.emc.com/docs/DOC-171971,Siemens~Enterprise Doc Mgmt=
Siemens=,Siemens~Sorian Clinicals=
Siemens=https://inside.emc.com/docs/DOC-171971,Siemens~Syngo Dynamics=
Siemens=https://inside.emc.com/docs/DOC-171971,Siemens~Syngo Share=
Siemens=https://inside.emc.com/docs/DOC-171971,Siemens~Syngo Plaza=
Signiant=,Signiant~Media Exchange=
Signiant=,Signiant~Media Shuttle=
Silver Peak=,Silver Peak~Silverpeak=
Silver Peak=,Silver Peak~VXOA=
Sintec Media=,Sintec Media~IBMS=
SnapLogic=,SnapLogic~SnapReduce=
Solid Angle=,Solid Angle~Arnold=
Sony=,Sony~Sonaps/Xdnews=
Sophos=,Sophos~SAVDI=
Splunk=https://inside.emc.com/docs/DOC-144517,Splunk~Hunk=
Splunk=https://inside.emc.com/docs/DOC-144517,Splunk~Splunk=
Squarebox=,Squarebox~CatDV=
StackIQ=,StackIQ~Cluster Manager=
STEALTHbits=,STEALTHbits~StealthAUDIT=
StorageDNA=,StorageDNA~DNA Evolution=
SugarCRM=,SugarCRM~SugarCRM=
sumo logic=,sumo logic~sumo logic=
SureView=,SureView~Immix=
Surveillus=,Surveillus~VMS=
Symantec=,Symantec~Backup Exec=
Symantec=,Symantec~Backup Exec=
Symantec=,Symantec~Backup Exec=
Symantec=,Symantec~Data Insight=
Symantec=,Symantec~Data Loss Prevention (DLP)=
Symantec=,Symantec~Enterprise Vault=
Symantec=,Symantec~Enterprise Vault=
Symantec=,Symantec~Enterprise Vault=
Symantec=,Symantec~NetBackup=
Symantec=,Symantec~NetBackup=
Symantec=,Symantec~NetBackup=
Symantec=,Symantec~NetBackup=
Symantec=,Symantec~NetBackup=
Symantec=,Symantec~NetBackup=
Symantec=,Symantec~Protection Engine for NAS=
Tableau=,Tableau~Server=
Talend=,Talend~Enterprise Big Data=
Tedial=,Tedial~AST=
Tedial=,Tedial~Tarsys=
Tedial=,Tedial~Tedial MAM=
Telestream=,Telestream~LightSpeed=
Telestream=,Telestream~Pipeline=
Telestream=http://www.emc.com/collateral/software/technical-documentation/h10533-bpg-telestream-vanatage-with-onefs.pdf,Telestream~Vantage=
Teradata=,Teradata~Aster=
Teradata=,Teradata~Rainstor=
Teradata=,Teradata~Rainstor=
Teradata=,Teradata~Rainstor=
Teramedica=https://inside.emc.com/docs/DOC-171957,Teramedica~EverCore=
the Foundry=,the Foundry~MODO=
the Foundry=,the Foundry~Nuke=
ThinkBigAnalytics=,ThinkBigAnalytics~--=
TIBCO=,TIBCO~ActiveSpaces=
TIBCO=,TIBCO~JasperSoft=
TIBCO=,TIBCO~LogLogic=
TIBCO=,TIBCO~Spotfire=
TIBCO=,TIBCO~StreamBase=
Tools on Air=,Tools on Air~Just=
transMART Foundation=,transMART Foundation~transMart=
TransMedia Dynamics (TMD)=,TransMedia Dynamics (TMD)~MediaFlex=
Trend Micro=,Trend Micro~InterScan Web Security Suite=
Tweak Software=,Tweak Software~Remote Video (RV)=
Tyco=,Tyco~AD Video Edge=
UCSC=,UCSC~UCSC Browser=
Unified Sreaming=,Unified Sreaming~USP=
UofA=,UofA~iPLANT=
Varonis=,Varonis~DatAdvantage=
Veeam=,Veeam~Backup V8=
Verint=,Verint~Control Center=
Verint=https://inside.emc.com/docs/DOC-172004,Verint~IMPACT 360=
Verint=,Verint~Nextiva=
Verint=,Verint~Recording=
Vertica=,Vertica~--=
VideoBank=,VideoBank~VideoBank DAM=
Vidsys=,Vidsys~PSIM=
Vistara=,Vistara~Vistara=
visual.ly=,visual.ly~Inforgraphics=
VizRT=,VizRT~Ardome=
VizRT=,VizRT~Viz One=
VizRT=,VizRT~VizEngine=
VMware=,VMware~NAS (NFS)=
VMware=,VMware~NAS (NFS)=
VMware=,VMware~NAS (NFS)=
VMWare=,VMWare~Serengeti=
VMware=,VMware~SRM (ESXi 5.0)=
VMware=,VMware~SRM (ESXi 5.1)=
VMware=,VMware~SRM (ESXi 5.5)=
VMware=,VMware~VAAI (ESXi 5.0)=
VMware=,VMware~VAAI (ESXi 5.1)=
VMware=,VMware~VAAI (ESXi 5.5)=
VMware=,VMware~VASA (ESXi 5.0)=
VMware=,VMware~VASA (ESXi 5.1)=
VMware=,VMware~VASA (ESXi 5.5)=
VMWare=,VMWare~Zimbra=
VoltDB=,VoltDB~VoltDB=
VSN=,VSN~VSNEXPLORER=
WANDisco=,WANDisco~--=
WoodWing=,WoodWing~ELVIS=
Wowza=,Wowza~Streaming Engine=
Zaloni=,Zaloni~Bedrock=
Zementis=,Zementis~UPPI=
Zettaset=,Zettaset~Orchestrator=
ZL Technologies=,ZL Technologies~ZL Technologies=
